[
  {
    "value": "rent a car",
    "synonyms": [
      "rent a car",
      "rentals",
      "by road",
      "on road",
      "drive"
    ]
  },
  {
    "value": "car",
    "synonyms": [
      "rentals",
      "car"
    ]
  },
  {
    "value": "need a car",
    "synonyms": [
      "need a car"
    ]
  },
  {
    "value": "prefer a car",
    "synonyms": [
      "prefer a car"
    ]
  },
  {
    "value": "by flight",
    "synonyms": [
      "by flight"
    ]
  },
  {
    "value": "near by airport",
    "synonyms": [
      "by air"
    ]
  }
]