[
  {
    "id": "547d6680-a9f9-4bb6-94cf-7aa4945819d9",
    "data": [
      {
        "text": "lets go with ",
        "userDefined": false
      },
      {
        "text": "sedan",
        "meta": "@Cartype",
        "alias": "cartype",
        "userDefined": false
      },
      {
        "text": " and find out price",
        "userDefined": false
      }
    ],
    "isTemplate": false,
    "count": 0,
    "lang": "en",
    "updated": 0
  },
  {
    "id": "591e059e-068f-4414-b9e4-2f888754b4ba",
    "data": [
      {
        "text": "get me all available options",
        "userDefined": false
      }
    ],
    "isTemplate": false,
    "count": 0,
    "lang": "en",
    "updated": 0
  },
  {
    "id": "f9758c6d-80a4-467a-a2e8-2e0ad9537dc7",
    "data": [
      {
        "text": "a car which uses regular fuel than premium ones",
        "userDefined": false
      }
    ],
    "isTemplate": false,
    "count": 0,
    "lang": "en",
    "updated": 0
  },
  {
    "id": "cae97c25-aeda-44c7-9c54-968ff32bb122",
    "data": [
      {
        "text": "i want one with high off roading performance",
        "userDefined": false
      }
    ],
    "isTemplate": false,
    "count": 0,
    "lang": "en",
    "updated": 0
  },
  {
    "id": "11d6e275-10a4-49f9-bcd8-68fc993f7b61",
    "data": [
      {
        "text": "i prefer any ",
        "userDefined": false
      },
      {
        "text": "EV",
        "meta": "@Cartype",
        "alias": "cartype",
        "userDefined": false
      },
      {
        "text": " vehicle",
        "userDefined": false
      }
    ],
    "isTemplate": false,
    "count": 0,
    "lang": "en",
    "updated": 0
  },
  {
    "id": "83d3aa63-d748-494f-8320-c27f503b54df",
    "data": [
      {
        "text": "a car with international travel permit",
        "userDefined": false
      }
    ],
    "isTemplate": false,
    "count": 0,
    "lang": "en",
    "updated": 0
  },
  {
    "id": "098add5f-8272-4979-bb23-afd37a99bec4",
    "data": [
      {
        "text": "find me cheaper options",
        "userDefined": false
      }
    ],
    "isTemplate": false,
    "count": 0,
    "lang": "en",
    "updated": 0
  },
  {
    "id": "66a8ae17-e9a0-461a-b9e1-a9f3f137518a",
    "data": [
      {
        "text": "i dont have prefernce ",
        "userDefined": false
      },
      {
        "text": "any car",
        "meta": "@Cartype",
        "alias": "cartype",
        "userDefined": true
      },
      {
        "text": " will work",
        "userDefined": false
      }
    ],
    "isTemplate": false,
    "count": 0,
    "lang": "en",
    "updated": 0
  },
  {
    "id": "b4ce94d0-02ab-414d-a1b8-6c61a1b42114",
    "data": [
      {
        "text": "i will use BMW ",
        "userDefined": false
      },
      {
        "text": "sedan",
        "meta": "@Cartype",
        "alias": "cartype",
        "userDefined": false
      },
      {
        "text": " 5 series",
        "userDefined": false
      }
    ],
    "isTemplate": false,
    "count": 0,
    "lang": "en",
    "updated": 0
  },
  {
    "id": "90d012aa-ddbe-469b-b9ee-69898a45618c",
    "data": [
      {
        "text": "i am with my kids so a ",
        "userDefined": false
      },
      {
        "text": "family car",
        "meta": "@Cartype",
        "alias": "cartype",
        "userDefined": false
      },
      {
        "text": " would be good",
        "userDefined": false
      }
    ],
    "isTemplate": false,
    "count": 0,
    "lang": "en",
    "updated": 0
  },
  {
    "id": "44159010-2f85-4b03-bb0a-a634a13b88b7",
    "data": [
      {
        "text": "how about any ",
        "userDefined": false
      },
      {
        "text": "premium",
        "meta": "@Cartype",
        "alias": "cartype",
        "userDefined": true
      },
      {
        "text": " car",
        "userDefined": false
      }
    ],
    "isTemplate": false,
    "count": 0,
    "lang": "en",
    "updated": 0
  },
  {
    "id": "ca8a3c1e-36d3-4178-94c8-5dae2b8f4621",
    "data": [
      {
        "text": "I prefer ",
        "userDefined": false
      },
      {
        "text": "Tesla",
        "meta": "@Cartype",
        "alias": "cartype",
        "userDefined": false
      }
    ],
    "isTemplate": false,
    "count": 0,
    "lang": "en",
    "updated": 0
  },
  {
    "id": "3659d992-eeea-47da-8f5d-181c5757016b",
    "data": [
      {
        "text": "6 seater",
        "meta": "@Cartype",
        "alias": "cartype",
        "userDefined": false
      }
    ],
    "isTemplate": false,
    "count": 0,
    "lang": "en",
    "updated": 0
  },
  {
    "id": "51b30ab9-2f38-411f-8b42-fc55d558f332",
    "data": [
      {
        "text": "Sedan",
        "meta": "@Cartype",
        "alias": "cartype",
        "userDefined": false
      }
    ],
    "isTemplate": false,
    "count": 0,
    "lang": "en",
    "updated": 0
  },
  {
    "id": "7ef327ff-bb08-44df-aaf9-975b7b3a83e0",
    "data": [
      {
        "text": "I want an ",
        "userDefined": false
      },
      {
        "text": "SUV",
        "meta": "@Cartype",
        "alias": "cartype",
        "userDefined": false
      }
    ],
    "isTemplate": false,
    "count": 0,
    "lang": "en",
    "updated": 0
  }
]