[
  {
    "id": "016493e0-91f5-4dfd-954d-46c5ee237791",
    "data": [
      {
        "text": "Lets go with ",
        "userDefined": false
      },
      {
        "text": "car",
        "meta": "@carrental",
        "alias": "carrental",
        "userDefined": true
      },
      {
        "text": " ",
        "userDefined": false
      },
      {
        "text": "this time",
        "userDefined": false
      }
    ],
    "isTemplate": false,
    "count": 0,
    "lang": "en",
    "updated": 0
  },
  {
    "id": "1141ade3-8749-412d-8643-fb079eac3a39",
    "data": [
      {
        "text": "how much it cost to ",
        "userDefined": false
      },
      {
        "text": "rent a car",
        "meta": "@carrental",
        "alias": "carrental",
        "userDefined": false
      }
    ],
    "isTemplate": false,
    "count": 0,
    "lang": "en",
    "updated": 0
  },
  {
    "id": "2fa48ebc-5e4f-481a-be71-8d556b66a9d2",
    "data": [
      {
        "text": "get me car ",
        "userDefined": false
      },
      {
        "text": "rental",
        "meta": "@carrental",
        "alias": "carrental",
        "userDefined": false
      },
      {
        "text": " options",
        "userDefined": false
      }
    ],
    "isTemplate": false,
    "count": 0,
    "lang": "en",
    "updated": 0
  },
  {
    "id": "605bfdcb-3d24-415e-9eef-a438d7a44235",
    "data": [
      {
        "text": "book a ",
        "userDefined": false
      },
      {
        "text": "flight ticket",
        "meta": "@carrental",
        "alias": "carrental",
        "userDefined": true
      },
      {
        "text": " i dont want to ",
        "userDefined": false
      },
      {
        "text": "drive",
        "userDefined": false
      }
    ],
    "isTemplate": false,
    "count": 0,
    "lang": "en",
    "updated": 0
  },
  {
    "id": "9c847f7d-c119-4a13-ad98-1ab44ae470f8",
    "data": [
      {
        "text": "its near i can go ",
        "userDefined": false
      },
      {
        "text": "by road",
        "meta": "@carrental",
        "alias": "carrental",
        "userDefined": false
      }
    ],
    "isTemplate": false,
    "count": 0,
    "lang": "en",
    "updated": 0
  },
  {
    "id": "c2eba779-0d21-45b6-8933-9b6d8ab812eb",
    "data": [
      {
        "text": "i prefer relaxing in ",
        "userDefined": false
      },
      {
        "text": "flight",
        "meta": "@carrental",
        "alias": "carrental",
        "userDefined": true
      }
    ],
    "isTemplate": false,
    "count": 0,
    "lang": "en",
    "updated": 0
  },
  {
    "id": "e7d41e6c-e5a7-471c-8905-e62a93c93fe1",
    "data": [
      {
        "text": "i will ",
        "userDefined": false
      },
      {
        "text": "drive",
        "meta": "@carrental",
        "alias": "carrental",
        "userDefined": false
      }
    ],
    "isTemplate": false,
    "count": 0,
    "lang": "en",
    "updated": 0
  },
  {
    "id": "83052570-2ef3-4ffb-94b5-686e9d56e8d8",
    "data": [
      {
        "text": "by road",
        "meta": "@carrental",
        "alias": "carrental",
        "userDefined": false
      }
    ],
    "isTemplate": false,
    "count": 0,
    "lang": "en",
    "updated": 0
  },
  {
    "id": "15260775-db78-4755-bac6-2efa6859f81d",
    "data": [
      {
        "text": "i will travel ",
        "userDefined": false
      },
      {
        "text": "by air",
        "meta": "@carrental",
        "alias": "carrental",
        "userDefined": false
      }
    ],
    "isTemplate": false,
    "count": 0,
    "lang": "en",
    "updated": 0
  },
  {
    "id": "197b845a-2ac0-4c5a-b792-db424d5ef465",
    "data": [
      {
        "text": "get me near by ",
        "userDefined": false
      },
      {
        "text": "airport",
        "meta": "@carrental",
        "alias": "carrental",
        "userDefined": true
      }
    ],
    "isTemplate": false,
    "count": 0,
    "lang": "en",
    "updated": 0
  },
  {
    "id": "bd14c952-5f96-4256-bf3f-22750473fef8",
    "data": [
      {
        "text": "not sure exactly",
        "userDefined": false
      }
    ],
    "isTemplate": false,
    "count": 0,
    "lang": "en",
    "updated": 0
  },
  {
    "id": "32c7ffb9-c22b-4a2f-99ef-3c13ba53d756",
    "data": [
      {
        "text": "i will go ",
        "userDefined": false
      },
      {
        "text": "by flight",
        "meta": "@carrental",
        "alias": "carrental",
        "userDefined": false
      }
    ],
    "isTemplate": false,
    "count": 0,
    "lang": "en",
    "updated": 0
  },
  {
    "id": "3daa1998-9397-434e-92c1-cfb70ebc4c79",
    "data": [
      {
        "text": "when is the next available ",
        "userDefined": false
      },
      {
        "text": "flight",
        "meta": "@carrental",
        "alias": "carrental",
        "userDefined": true
      }
    ],
    "isTemplate": false,
    "count": 0,
    "lang": "en",
    "updated": 0
  },
  {
    "id": "deef843b-ff1a-434f-8254-56572b9b0c47",
    "data": [
      {
        "text": "i ",
        "userDefined": false
      },
      {
        "text": "need a car",
        "meta": "@carrental",
        "alias": "carrental",
        "userDefined": false
      }
    ],
    "isTemplate": false,
    "count": 0,
    "lang": "en",
    "updated": 0
  },
  {
    "id": "31ea26c2-cf37-4daa-a2eb-999be6c91ec2",
    "data": [
      {
        "text": "i will choose  to ",
        "userDefined": false
      },
      {
        "text": "rent a car",
        "meta": "@carrental",
        "alias": "carrental",
        "userDefined": false
      }
    ],
    "isTemplate": false,
    "count": 0,
    "lang": "en",
    "updated": 0
  },
  {
    "id": "012155f8-7360-4f75-a0d4-77deeea1e64c",
    "data": [
      {
        "text": "I will choose a ",
        "userDefined": false
      },
      {
        "text": "rental",
        "meta": "@carrental",
        "alias": "carrental",
        "userDefined": false
      },
      {
        "text": " car",
        "userDefined": false
      }
    ],
    "isTemplate": false,
    "count": 0,
    "lang": "en",
    "updated": 0
  }
]