[
  {
    "id": "cc330c19-6d13-4414-8ba2-d635de00d5af",
    "data": [
      {
        "text": "book the flight with same payment options",
        "userDefined": false
      }
    ],
    "isTemplate": false,
    "count": 0,
    "lang": "en",
    "updated": 0
  },
  {
    "id": "7fffadaa-4ca1-4af6-845a-9330d89a0489",
    "data": [
      {
        "text": "book the car by using my car details",
        "userDefined": false
      }
    ],
    "isTemplate": false,
    "count": 0,
    "lang": "en",
    "updated": 0
  },
  {
    "id": "cf003c48-4cc9-4ce8-a900-87d51ce69c1e",
    "data": [
      {
        "text": "Thats great option",
        "userDefined": false
      }
    ],
    "isTemplate": false,
    "count": 0,
    "lang": "en",
    "updated": 0
  },
  {
    "id": "2e96c13f-7b9b-44c4-afe6-58e0f1259887",
    "data": [
      {
        "text": "i guess its the best",
        "userDefined": false
      }
    ],
    "isTemplate": false,
    "count": 0,
    "lang": "en",
    "updated": 0
  },
  {
    "id": "749d0704-d32a-47d1-9fd4-83e858a4b34c",
    "data": [
      {
        "text": "i will go ahead with this option",
        "userDefined": false
      }
    ],
    "isTemplate": false,
    "count": 0,
    "lang": "en",
    "updated": 0
  },
  {
    "id": "6476076b-7676-4ec9-a2bc-7e4effa50a95",
    "data": [
      {
        "text": "i do confirm",
        "userDefined": false
      }
    ],
    "isTemplate": false,
    "count": 0,
    "lang": "en",
    "updated": 0
  },
  {
    "id": "5b3f4f11-4277-499d-bd10-85f56035f352",
    "data": [
      {
        "text": "no",
        "meta": "@yesorno",
        "alias": "userresponse",
        "userDefined": false
      },
      {
        "text": " its too costly",
        "userDefined": false
      }
    ],
    "isTemplate": false,
    "count": 0,
    "lang": "en",
    "updated": 0
  },
  {
    "id": "2c89e244-69a1-4220-9077-e5ba777c95b9",
    "data": [
      {
        "text": "i am fine with this option",
        "userDefined": false
      }
    ],
    "isTemplate": false,
    "count": 0,
    "lang": "en",
    "updated": 0
  },
  {
    "id": "1b3152a2-9001-4223-817e-da9696a627e6",
    "data": [
      {
        "text": "i confirm booking",
        "userDefined": false
      }
    ],
    "isTemplate": false,
    "count": 0,
    "lang": "en",
    "updated": 0
  },
  {
    "id": "87bac324-69d9-474e-b80a-8f8f4d0d20cb",
    "data": [
      {
        "text": "go ahead",
        "userDefined": false
      }
    ],
    "isTemplate": false,
    "count": 0,
    "lang": "en",
    "updated": 0
  },
  {
    "id": "7381f3ef-3b61-4815-9ce8-25643d0c5a24",
    "data": [
      {
        "text": "lets book it",
        "userDefined": false
      }
    ],
    "isTemplate": false,
    "count": 0,
    "lang": "en",
    "updated": 0
  },
  {
    "id": "73ef26c9-721f-42d2-b5a0-805edb91bd04",
    "data": [
      {
        "text": "yes",
        "meta": "@yesorno",
        "alias": "userresponse",
        "userDefined": true
      },
      {
        "text": " book it",
        "userDefined": false
      }
    ],
    "isTemplate": false,
    "count": 0,
    "lang": "en",
    "updated": 0
  },
  {
    "id": "a5c341bc-763d-4171-8ded-21fc08ce9317",
    "data": [
      {
        "text": "no",
        "meta": "@yesorno",
        "alias": "userresponse",
        "userDefined": true
      },
      {
        "text": " i am good",
        "userDefined": false
      }
    ],
    "isTemplate": false,
    "count": 0,
    "lang": "en",
    "updated": 0
  },
  {
    "id": "40ac6a55-860e-44b6-96bb-582f99593e9b",
    "data": [
      {
        "text": "book my trip",
        "userDefined": false
      }
    ],
    "isTemplate": false,
    "count": 1,
    "lang": "en",
    "updated": 0
  },
  {
    "id": "bceb4242-1b47-4e00-af43-4dae15ef7555",
    "data": [
      {
        "text": "book the car ",
        "userDefined": false
      },
      {
        "text": "rental",
        "userDefined": false
      }
    ],
    "isTemplate": false,
    "count": 0,
    "lang": "en",
    "updated": 0
  },
  {
    "id": "63aef0aa-1780-4fab-88a3-62d4a6c2d930",
    "data": [
      {
        "text": "book me a flight ticket",
        "userDefined": false
      }
    ],
    "isTemplate": false,
    "count": 0,
    "lang": "en",
    "updated": 0
  }
]